City_ID,City,Country,Date,Lat,Lng,Max Temp,Humidity,Cloudiness,Wind Speed
0,Punta Arenas,CL,2021-11-20 16:22:35,-53.15,-70.9167,46.51,57,75,40.29
1,Guaruja,BR,2021-11-20 16:27:09,-23.9931,-46.2564,76.6,68,90,2.3
2,Bredasdorp,ZA,2021-11-20 16:27:10,-34.5322,20.0403,65.28,66,96,18.66
3,Leningradskiy,RU,2021-11-20 16:27:10,69.3833,178.4167,-6.81,85,2,3.78
4,Hobart,AU,2021-11-20 16:27:11,-42.8794,147.3294,51.66,89,75,1.01
5,Ushuaia,AR,2021-11-20 16:23:48,-54.8,-68.3,44.22,70,75,40.29
6,Pingliang,CN,2021-11-20 16:27:12,35.5392,106.6861,32.83,38,34,10.76
7,Atuona,PF,2021-11-20 16:27:12,-9.8,-139.0333,79.21,67,2,12.77
8,Kundiawa,PG,2021-11-20 16:27:13,-6.0167,144.9667,60.22,96,100,2.26
9,Bethel,US,2021-11-20 16:27:13,41.3712,-73.414,45.48,53,1,1.01
10,La Ronge,CA,2021-11-20 16:27:14,55.1001,-105.2842,19.65,73,90,5.75
11,Cururupu,BR,2021-11-20 16:27:14,-1.8283,-44.8683,88.56,58,49,9.69
12,Tasiilaq,GL,2021-11-20 16:27:15,65.6145,-37.6368,28.56,95,100,18.1
13,Barrow,US,2021-11-20 16:27:15,71.2906,-156.7887,8.62,72,90,11.5
14,Bambous Virieux,MU,2021-11-20 16:27:15,-20.3428,57.7575,77.25,73,40,10.36
15,Laguna,US,2021-11-20 16:23:54,38.421,-121.4238,56.41,93,1,1.01
16,Karakol,KG,2021-11-20 16:27:16,42.4907,78.3936,20.93,55,2,6.04
17,Saint-Philippe,RE,2021-11-20 16:27:17,-21.3585,55.7679,77.22,76,49,9.33
18,Tecoanapa,MX,2021-11-20 16:27:18,16.5167,-98.75,82.81,57,0,0.78
19,Santa Maria,BR,2021-11-20 16:27:18,-29.6842,-53.8069,79.9,28,0,6.91
20,Porto Novo,BJ,2021-11-20 16:27:19,6.4965,2.6036,87.62,72,66,9.01
21,Tomatlan,MX,2021-11-20 16:27:19,19.9333,-105.25,81.81,40,8,0.69
22,Arraial Do Cabo,BR,2021-11-20 16:27:20,-22.9661,-42.0278,75.06,78,75,19.57
23,Dedza,MW,2021-11-20 16:27:20,-14.3779,34.3332,70.32,54,71,4.56
24,Hilo,US,2021-11-20 16:27:21,19.7297,-155.09,76.28,87,90,6.91
25,Cabo San Lucas,MX,2021-11-20 16:23:12,22.8909,-109.9124,78.51,57,1,3.0
26,Rikitea,PF,2021-11-20 16:27:21,-23.1203,-134.9692,73.04,64,100,8.63
27,Thompson,CA,2021-11-20 16:26:31,55.7435,-97.8558,21.36,86,90,20.71
28,Puerto Ayora,EC,2021-11-20 16:27:22,-0.7393,-90.3518,76.96,74,83,10.31
29,Mataura,NZ,2021-11-20 16:27:23,-46.1927,168.8643,50.31,99,100,3.0
30,Tagusao,PH,2021-11-20 16:27:23,9.1924,117.8141,80.17,83,88,2.33
31,Yellowknife,CA,2021-11-20 16:27:24,62.456,-114.3525,0.28,85,75,9.22
32,Sorrento,IT,2021-11-20 16:27:25,40.626,14.3744,64.53,50,2,7.36
33,Sobolevo,RU,2021-11-20 16:27:25,54.4299,31.8996,38.01,68,64,17.78
34,Severo-Kurilsk,RU,2021-11-20 16:27:26,50.6789,156.125,36.41,94,99,6.87
35,Longyearbyen,SJ,2021-11-20 16:27:26,78.2186,15.6401,6.64,72,40,10.36
36,Alofi,NU,2021-11-20 16:27:27,-19.0595,-169.9187,71.49,94,9,1.14
37,Viamao,BR,2021-11-20 16:27:27,-30.0811,-51.0233,83.68,36,0,2.3
38,Butaritari,KI,2021-11-20 16:27:28,3.0707,172.7902,81.91,66,97,14.12
39,Saskylakh,RU,2021-11-20 16:27:28,71.9167,114.0833,-22.2,98,92,6.29
40,Dikson,RU,2021-11-20 16:27:29,73.5069,80.5464,-10.66,92,51,12.19
41,Chokurdakh,RU,2021-11-20 16:27:29,70.6333,147.9167,-6.09,100,100,3.38
42,Kodiak,US,2021-11-20 16:27:30,57.79,-152.4072,35.11,69,90,28.77
43,Kapaa,US,2021-11-20 16:27:30,22.0752,-159.319,75.52,77,75,4.61
44,Cidreira,BR,2021-11-20 16:26:07,-30.1811,-50.2056,71.06,55,0,10.83
45,Port Elizabeth,ZA,2021-11-20 16:28:32,-33.918,25.5701,65.1,68,75,12.66
46,Hermanus,ZA,2021-11-20 16:27:23,-34.4187,19.2345,74.89,69,40,20.58
47,Rupert,US,2021-11-20 16:28:33,42.6191,-113.6772,37.35,75,1,9.22
48,East London,ZA,2021-11-20 16:27:49,-33.0153,27.9116,67.14,68,75,11.5
49,Port Blair,IN,2021-11-20 16:28:33,11.6667,92.75,81.73,86,66,13.06
50,Albany,US,2021-11-20 16:28:24,42.6001,-73.9662,42.62,61,30,1.99
51,Esperance,AU,2021-11-20 16:28:34,-33.8667,121.9,57.04,72,2,17.2
52,Fortuna,US,2021-11-20 16:26:16,40.5982,-124.1573,45.43,66,90,5.01
53,Coihaique,CL,2021-11-20 16:26:00,-45.5752,-72.0662,65.01,59,75,6.91
54,Qaanaaq,GL,2021-11-20 16:28:36,77.484,-69.3632,-5.28,71,17,6.93
55,Panaba,MX,2021-11-20 16:28:36,21.2833,-88.2667,82.17,69,100,10.36
56,Castro,BR,2021-11-20 16:28:37,-24.7911,-50.0119,73.0,57,75,4.94
57,Alpatovo,RU,2021-11-20 16:28:37,43.7028,45.2415,38.17,70,72,2.13
58,Tres Coracoes,BR,2021-11-20 16:28:38,-21.6969,-45.2533,74.1,76,99,3.87
59,Buraydah,SA,2021-11-20 16:28:39,26.326,43.975,72.05,17,1,8.19
60,Kotido,UG,2021-11-20 16:28:39,2.9806,34.1331,85.14,27,97,12.41
61,Winnemucca,US,2021-11-20 16:25:36,40.973,-117.7357,28.45,86,1,3.44
62,Balakhninskiy,RU,2021-11-20 16:28:40,58.0106,114.2769,4.95,95,100,2.48
63,Nikolskoye,RU,2021-11-20 16:27:27,59.7035,30.7861,37.87,77,95,12.68
64,Jamestown,US,2021-11-20 16:27:56,42.097,-79.2353,39.52,62,1,5.99
65,Quatre Cocos,MU,2021-11-20 16:28:42,-20.2078,57.7625,77.11,66,9,10.89
66,Sabzevar,IR,2021-11-20 16:28:42,36.2126,57.6819,45.18,29,0,1.41
67,Nanortalik,GL,2021-11-20 16:28:43,60.1432,-45.2371,38.26,97,100,14.74
68,Sitka,US,2021-11-20 16:27:28,57.0531,-135.33,33.69,60,90,11.5
69,Kaitangata,NZ,2021-11-20 16:28:44,-46.2817,169.8464,50.68,97,95,2.42
70,Tuatapere,NZ,2021-11-20 16:28:46,-46.1333,167.6833,50.22,94,100,4.0
71,Whitehorse,CA,2021-11-20 16:28:46,60.7161,-135.0538,-23.03,76,20,2.3
72,Kununurra,AU,2021-11-20 16:28:47,-15.7667,128.7333,82.38,78,73,0.0
73,Airai,TL,2021-11-20 16:28:02,-8.9266,125.4092,62.83,92,99,0.98
74,Biloela,AU,2021-11-20 16:28:48,-24.4167,150.5,67.32,73,92,3.29
75,Nabire,ID,2021-11-20 16:25:05,-3.3667,135.4833,77.18,89,100,2.55
76,Mar Del Plata,AR,2021-11-20 16:24:38,-38.0023,-57.5575,82.42,34,0,14.97
77,Avarua,CK,2021-11-20 16:28:31,-21.2078,-159.775,73.45,78,36,4.61
78,Chuy,UY,2021-11-20 16:28:49,-33.6971,-53.4616,80.33,42,0,10.47
79,Ukrayinka,UA,2021-11-20 16:28:50,47.9167,35.35,48.49,81,0,15.99
80,Lubango,AO,2021-11-20 16:28:50,-14.9172,13.4925,71.42,58,91,3.96
81,Norman Wells,CA,2021-11-20 16:28:51,65.282,-126.8329,-2.16,78,40,6.91
82,Goure,NE,2021-11-20 16:28:51,13.9835,10.2704,92.01,11,11,11.12
83,Ilulissat,GL,2021-11-20 16:28:18,69.2167,-51.1,26.62,54,75,5.75
84,Prince Rupert,CA,2021-11-20 16:28:52,54.3161,-130.3201,46.09,85,90,5.75
85,Mardan,PK,2021-11-20 16:28:52,34.2019,72.0525,55.94,27,0,3.8
86,Zhigansk,RU,2021-11-20 16:28:53,66.7697,123.3711,-26.16,100,98,6.35
87,Boguchany,RU,2021-11-20 16:28:54,58.3814,97.4531,5.97,97,100,3.31
88,Mahebourg,MU,2021-11-20 16:28:54,-20.4081,57.7,77.29,73,40,10.36
89,Tsabong,BW,2021-11-20 16:28:55,-26.0217,22.401,92.39,7,31,11.52
90,Tiksi,RU,2021-11-20 16:28:55,71.6872,128.8694,-13.54,97,100,6.55
91,Kodinsk,RU,2021-11-20 16:29:55,58.6881,99.1844,3.18,96,100,3.67
92,Port Lincoln,AU,2021-11-20 16:29:56,-34.7333,135.8667,54.77,71,23,13.62
93,Savalou,BJ,2021-11-20 16:29:57,7.9281,1.9756,95.79,28,12,5.19
94,Busselton,AU,2021-11-20 16:27:20,-33.65,115.3333,58.59,63,33,12.57
95,Raudeberg,NO,2021-11-20 16:29:58,61.9875,5.1352,40.87,87,100,7.0
96,Hithadhoo,MV,2021-11-20 16:29:58,-0.6,73.0833,81.07,81,100,16.35
97,Sorland,NO,2021-11-20 16:29:59,67.667,12.6934,39.2,62,98,29.51
98,Port Alfred,ZA,2021-11-20 16:29:59,-33.5906,26.891,65.12,67,63,16.28
99,Dingle,PH,2021-11-20 16:30:00,10.9995,122.6711,76.5,91,59,4.27
100,Muros,ES,2021-11-20 16:30:00,42.7762,-9.0603,66.7,62,86,5.93
101,Ponta Do Sol,PT,2021-11-20 16:27:46,32.6667,-17.1,70.72,66,72,3.11
102,Camacha,PT,2021-11-20 16:30:01,33.0833,-16.3333,67.42,56,20,4.61
103,Pevek,RU,2021-11-20 16:30:01,69.7008,170.3133,-10.32,97,73,2.84
104,Iqaluit,CA,2021-11-20 16:30:02,63.7506,-68.5145,13.73,78,90,25.99
105,Ilhabela,BR,2021-11-20 16:30:03,-23.7781,-45.3581,69.12,88,99,7.31
106,Mossendjo,CG,2021-11-20 16:30:03,-2.9506,12.7261,70.5,99,100,2.57
107,Talara,PE,2021-11-20 16:30:04,-4.5772,-81.2719,75.96,60,0,16.11
108,Vaini,TO,2021-11-20 16:30:04,-21.2,-175.2,71.76,100,20,2.3
109,Kieta,PG,2021-11-20 16:30:05,-6.2167,155.6333,77.94,83,98,1.14
110,Menongue,AO,2021-11-20 16:29:15,-14.6585,17.691,66.7,88,96,4.03
111,New Norfolk,AU,2021-11-20 16:27:24,-42.7826,147.0587,51.3,81,76,2.62
112,Buala,SB,2021-11-20 16:30:07,-8.145,159.5921,78.87,78,97,0.47
113,Souillac,MU,2021-11-20 16:30:07,-20.5167,57.5167,77.38,73,40,10.36
114,Phuket,TH,2021-11-20 16:30:08,8.0,98.25,85.08,100,75,2.3
115,Pekalongan,ID,2021-11-20 16:30:08,-6.8886,109.6753,74.01,79,99,3.74
116,Upernavik,GL,2021-11-20 16:30:09,72.7868,-56.1549,5.32,72,95,6.96
117,Alice Town,BS,2021-11-20 16:30:10,25.7167,-79.3,77.77,79,99,23.22
118,Kasongo-Lunda,CD,2021-11-20 16:30:11,-6.4667,16.8167,70.43,97,93,2.21
119,Lismore,AU,2021-11-20 16:30:11,-28.8135,153.2773,68.7,95,90,5.75
120,Bengkulu,ID,2021-11-20 16:30:12,-3.8004,102.2655,76.77,89,94,3.49
121,Syava,RU,2021-11-20 16:30:13,58.0146,46.3222,29.17,97,100,5.75
122,Torbay,CA,2021-11-20 16:30:14,47.6666,-52.7314,43.29,90,75,12.66
123,Beloha,MG,2021-11-20 16:30:14,-25.1667,45.05,71.96,85,60,12.41
124,Termiz,UZ,2021-11-20 16:30:15,37.2242,67.2783,39.29,81,0,2.3
125,Show Low,US,2021-11-20 16:27:04,34.2542,-110.0298,56.01,32,1,12.66
126,Tuktoyaktuk,CA,2021-11-20 16:27:51,69.4541,-133.0374,-5.8,77,40,4.61
127,Bilibino,RU,2021-11-20 16:30:16,68.0546,166.4372,-18.27,81,74,4.07
128,Kurilsk,RU,2021-11-20 16:30:17,45.2333,147.8833,35.56,76,99,19.26
129,Saurimo,AO,2021-11-20 16:30:17,-9.6608,20.3916,65.52,97,96,3.18
130,Namibe,AO,2021-11-20 16:30:18,-15.1961,12.1522,72.23,68,75,13.8
131,Vokhma,RU,2021-11-20 16:30:18,58.9303,46.7586,28.0,97,100,5.82
132,Olafsvik,IS,2021-11-20 16:30:19,64.8945,-23.7142,33.55,66,100,1.23
133,Baijiantan,CN,2021-11-20 16:30:20,45.6333,85.1833,22.37,40,18,9.42
134,Saint-Francois,FR,2021-11-20 16:30:20,46.4154,3.9054,43.48,93,90,4.61
135,Mayo,US,2021-11-20 16:30:21,38.8876,-76.5119,47.73,59,1,3.0
136,Harper,LR,2021-11-20 16:30:22,4.375,-7.7169,83.5,76,26,8.08
137,Logan Lake,CA,2021-11-20 16:30:22,50.4998,-120.8025,19.24,93,99,6.15
138,Cape Town,ZA,2021-11-20 16:28:33,-33.9258,18.4232,75.11,52,20,21.85
139,Walvis Bay,NA,2021-11-20 16:31:23,-22.9575,14.5053,67.15,59,37,9.22
140,Lebu,CL,2021-11-20 16:28:26,-37.6167,-73.65,60.01,76,49,16.15
141,Puerto Madero,MX,2021-11-20 16:31:24,14.7208,-92.4215,89.8,55,40,0.0
142,Hofn,IS,2021-11-20 16:31:24,64.2539,-15.2082,32.7,54,1,14.67
143,Inhambane,MZ,2021-11-20 16:31:25,-23.865,35.3833,75.18,88,75,4.61
144,Nalut,LY,2021-11-20 16:31:26,30.3333,10.85,64.94,49,80,11.18
145,Khatanga,RU,2021-11-20 16:31:26,71.9667,102.5,-24.02,99,98,6.06
146,Georgetown,MY,2021-11-20 16:31:27,5.4112,100.3354,80.53,93,20,5.01
147,Berbera,SO,2021-11-20 16:31:28,10.4396,45.0143,82.2,60,41,5.57
148,Antsohihy,MG,2021-11-20 16:31:28,-14.8796,47.9875,80.56,70,43,6.06
149,Tabou,CI,2021-11-20 16:31:28,4.423,-7.3528,83.41,75,17,7.23
150,Baruun-Urt,MN,2021-11-20 16:31:29,46.6806,113.2792,16.09,94,100,12.21
151,Saldanha,ZA,2021-11-20 16:31:30,-33.0117,17.9442,77.05,77,100,16.02
152,Yeppoon,AU,2021-11-20 16:29:08,-23.1333,150.7333,65.98,70,88,6.87
153,Fairbanks,US,2021-11-20 16:30:45,64.8378,-147.7164,-15.39,70,1,0.0
154,Boke,GN,2021-11-20 16:31:31,10.9409,-14.2967,94.68,39,0,4.07
155,Saint-Augustin,CA,2021-11-20 16:29:51,51.226,-58.6502,30.97,52,9,16.62
156,Bulolo,PG,2021-11-20 16:31:31,-7.2,146.65,69.4,97,85,1.59
157,Great Falls,US,2021-11-20 16:31:33,47.5002,-111.3008,38.66,57,8,8.99
158,Tari,NG,2021-11-20 16:31:33,12.4086,4.4914,90.75,13,7,7.49
159,Kavieng,PG,2021-11-20 16:31:34,-2.5744,150.7967,82.06,74,52,6.35
160,Vila Franca Do Campo,PT,2021-11-20 16:30:06,37.7167,-25.4333,68.41,67,77,15.26
161,Tura,IN,2021-11-20 16:29:19,25.5198,90.2201,63.48,76,6,3.15
162,Ha Tinh,VN,2021-11-20 16:31:35,18.3333,105.9,72.59,93,55,2.26
163,Carnarvon,AU,2021-11-20 16:31:35,-24.8667,113.6333,71.67,83,75,11.5
164,Yuncheng,CN,2021-11-20 16:31:36,35.0231,110.9928,45.86,81,96,7.27
165,Paracatu,BR,2021-11-20 16:31:34,-17.2222,-46.8747,77.16,73,100,2.98
166,Corrente,BR,2021-11-20 16:31:37,-3.7367,-43.3394,99.45,30,77,2.17
167,Kahului,US,2021-11-20 16:31:38,20.8947,-156.47,76.84,82,20,6.91
168,Malko Tarnovo,BG,2021-11-20 16:31:39,41.9833,27.5333,49.98,81,43,1.39
169,Bintulu,MY,2021-11-20 16:31:39,3.1667,113.0333,79.21,100,40,0.0
170,Salisbury,GB,2021-11-20 16:31:40,51.0693,-1.7957,51.66,86,90,5.75
171,Bilma,NE,2021-11-20 16:31:41,18.6853,12.9164,84.69,16,93,4.09
172,Cherskiy,RU,2021-11-20 16:31:42,68.75,161.3,-18.54,92,39,1.23
173,Ponta Delgada,PT,2021-11-20 16:31:43,37.7333,-25.6667,68.72,60,20,17.27
174,Cayenne,GF,2021-11-20 16:26:45,4.9333,-52.3333,86.04,75,75,3.0
175,Victoria,HK,2021-11-20 16:28:51,22.2855,114.1577,75.38,82,87,1.01
176,Copiapo,CL,2021-11-20 16:31:44,-27.3667,-70.3333,64.09,27,0,9.15
177,Ketchikan,US,2021-11-20 16:31:45,55.3422,-131.6461,34.27,93,90,0.0
178,Cabedelo,BR,2021-11-20 16:31:46,-6.9811,-34.8339,88.47,67,87,12.66
179,Kruisfontein,ZA,2021-11-20 16:31:46,-34.0033,24.7314,62.89,74,74,15.84
180,Nouadhibou,MR,2021-11-20 16:31:47,20.931,-17.0347,69.17,81,100,12.97
181,Viedma,AR,2021-11-20 16:31:48,-40.8135,-62.9967,86.14,18,2,10.47
182,Ho Chi Minh City,VN,2021-11-20 16:26:54,10.75,106.6667,77.02,100,40,0.0
183,La Asuncion,VE,2021-11-20 16:32:49,11.0333,-63.8628,94.73,52,99,12.66
184,Marawi,PH,2021-11-20 16:32:09,7.9986,124.2928,68.65,94,95,2.64
185,Henties Bay,NA,2021-11-20 16:32:50,-22.116,14.2845,60.24,86,35,11.25
186,Olinda,BR,2021-11-20 16:31:13,-8.0089,-34.8553,78.53,89,75,4.61
187,Sile,TR,2021-11-20 16:32:51,41.1754,29.6133,54.19,65,84,2.77
188,Marzuq,YE,2021-11-20 16:32:52,14.4,46.4667,69.71,44,52,7.0
189,Ust-Kuyga,RU,2021-11-20 16:32:52,70.0167,135.6,-14.24,99,98,2.59
190,Puerto Carreno,CO,2021-11-20 16:32:53,6.189,-67.4859,94.59,42,42,4.32
191,North Branch,US,2021-11-20 16:32:54,45.5113,-92.9802,41.97,76,100,9.17
192,Bluff,NZ,2021-11-20 16:32:54,-46.6,168.3333,52.32,95,100,6.4
193,Valparaiso,CL,2021-11-20 16:27:59,-33.0393,-71.6273,62.83,71,40,5.75
194,Ekibastuz,KZ,2021-11-20 16:32:56,51.6667,75.3667,16.75,63,90,8.52
195,Umm Lajj,SA,2021-11-20 16:32:56,25.0213,37.2685,75.22,58,49,6.31
196,Grindavik,IS,2021-11-20 16:32:57,63.8424,-22.4338,32.47,74,75,6.91
197,Rosia,RO,2021-11-20 16:32:57,45.8167,24.3167,49.68,62,90,2.3
198,Liptovsky Hradok,SK,2021-11-20 16:32:58,49.0396,19.7234,45.99,97,90,1.16
199,Vorukh,TJ,2021-11-20 16:32:59,39.8494,70.5838,39.2,29,0,8.72
200,Namatanai,PG,2021-11-20 16:32:59,-3.6667,152.4333,77.97,85,48,4.05
201,Sitio Novo Do Tocantins,BR,2021-11-20 16:32:18,-5.5183,-47.4611,89.53,66,75,11.5
202,Boende,CD,2021-11-20 16:33:00,-0.2167,20.8667,72.72,92,92,1.68
203,San Cristobal,VE,2021-11-20 16:33:01,7.7669,-72.225,77.18,37,55,3.94
204,Itarema,BR,2021-11-20 16:33:02,-2.9248,-39.9167,87.93,58,68,17.09
205,Dukat,RU,2021-11-20 16:33:02,62.55,155.55,-3.19,100,100,2.3
206,Lavrentiya,RU,2021-11-20 16:33:03,65.5833,-171.0,0.61,76,83,5.39
207,Alta Floresta,BR,2021-11-20 16:33:04,-9.8756,-56.0861,85.21,62,83,3.44
208,Constitucion,CL,2021-11-20 16:33:05,-35.3333,-72.4167,64.81,65,12,7.96
209,Ko Samui,TH,2021-11-20 16:33:06,9.5357,99.9357,82.74,77,31,7.96
210,Pangnirtung,CA,2021-11-20 16:33:06,66.1451,-65.7125,19.4,58,40,3.44
211,Maues,BR,2021-11-20 16:33:07,-3.3836,-57.7186,84.29,78,82,2.51
212,Sao Jose Da Coroa Grande,BR,2021-11-20 16:33:08,-8.8978,-35.1478,83.75,64,65,12.55
213,Duyure,HN,2021-11-20 16:33:08,13.6333,-86.8167,81.36,52,86,8.99
214,Pacific Grove,US,2021-11-20 16:31:07,36.6177,-121.9166,59.59,93,90,3.0
215,Hoquiam,US,2021-11-20 16:33:09,46.9809,-123.8893,43.0,95,90,5.75
216,Sterling,US,2021-11-20 16:31:07,39.0062,-77.4286,46.76,58,75,7.0
217,Salcininkai,LT,2021-11-20 16:33:10,54.3,25.3833,42.91,78,66,11.7
218,Geraldton,AU,2021-11-20 16:28:16,-28.7667,114.6,63.01,67,0,5.75
219,Ferrol,ES,2021-11-20 16:33:11,43.4832,-8.2369,63.36,79,26,7.94
220,Shubarshi,KZ,2021-11-20 16:33:12,48.5872,57.1869,26.87,83,100,12.5
221,Malatya,TR,2021-11-20 16:33:13,38.5,38.0,42.85,81,75,4.61
222,Aleksandrovsk-Sakhalinskiy,RU,2021-11-20 16:33:13,50.8975,142.1561,24.06,87,100,8.99
223,Mareeba,AU,2021-11-20 16:33:14,-17.0,145.4333,66.92,92,3,2.42
224,Fernie,CA,2021-11-20 16:33:14,49.5,-115.0687,35.62,90,100,5.91
225,Ust-Omchug,RU,2021-11-20 16:33:15,61.15,149.6333,-3.28,99,99,4.72
226,Talnakh,RU,2021-11-20 16:33:16,69.4865,88.3972,-16.37,91,31,8.72
227,Tocopilla,CL,2021-11-20 16:34:16,-22.092,-70.1979,70.16,59,31,8.61
228,Aswan,EG,2021-11-20 16:34:17,24.0934,32.907,74.5,31,0,5.75
229,Hovd,MN,2021-11-20 16:34:17,48.0056,91.6419,7.48,37,1,1.43
230,Charlottetown,CA,2021-11-20 16:31:32,46.2352,-63.1267,41.2,56,75,11.99
231,Pisco,PE,2021-11-20 16:34:18,-13.7,-76.2167,68.05,77,40,9.22
232,Goderich,CA,2021-11-20 16:34:19,43.7501,-81.7165,40.91,70,100,13.8
233,Bathsheba,BB,2021-11-20 16:34:20,13.2167,-59.5167,86.61,76,40,20.71
234,Krasnyy Chikoy,RU,2021-11-20 16:34:20,50.3643,108.7512,14.52,94,100,4.65
235,Ancud,CL,2021-11-20 16:34:21,-41.8697,-73.8203,60.33,73,61,10.78
236,Patos De Minas,BR,2021-11-20 16:34:21,-18.5789,-46.5181,78.22,70,98,6.33
237,Los Llanos De Aridane,ES,2021-11-20 16:29:52,28.6585,-17.9182,67.75,61,20,3.0
238,Kavaratti,IN,2021-11-20 16:34:22,10.5669,72.642,81.61,75,85,12.55
239,Angicos,BR,2021-11-20 16:34:23,-5.6656,-36.6011,98.85,24,97,12.62
240,Karatau,KZ,2021-11-20 16:34:23,43.1667,70.4667,28.74,50,18,6.69
241,Les Cayes,HT,2021-11-20 16:34:24,18.2,-73.75,86.34,55,49,8.34
242,Sorong,ID,2021-11-20 16:34:24,-0.8833,131.25,79.97,82,100,3.65
243,Chumikan,RU,2021-11-20 16:34:25,54.7183,135.315,0.52,85,2,12.39
244,Kurmanayevka,RU,2021-11-20 16:34:25,52.5093,52.0675,33.82,97,100,21.88
245,Aklavik,CA,2021-11-20 16:33:22,68.2191,-135.0107,5.0,85,75,4.61
246,Tilichiki,RU,2021-11-20 16:34:27,60.4667,166.1,1.24,94,98,10.6
247,Stanceni,RO,2021-11-20 16:34:27,46.9833,25.2333,31.32,96,100,2.19
248,Salalah,OM,2021-11-20 16:34:18,17.0151,54.0924,80.69,74,0,2.3
249,Eureka,US,2021-11-20 16:31:36,40.8021,-124.1637,45.68,95,11,4.29
250,Linhares,BR,2021-11-20 16:30:05,-19.3911,-40.0722,76.73,86,99,1.83
251,Sanming,CN,2021-11-20 16:34:29,26.2486,117.6186,62.98,91,57,2.21
252,Zabaykalsk,RU,2021-11-20 16:34:29,49.6333,117.3167,15.57,93,99,3.27
253,Linjiang,CN,2021-11-20 16:34:30,41.8069,126.9078,30.83,74,97,2.13
254,Kano,NG,2021-11-20 16:32:44,12.0001,8.5167,94.89,14,0,6.91
255,Camabatela,AO,2021-11-20 16:34:31,-8.1881,15.375,64.67,96,67,3.94
256,Wajir,KE,2021-11-20 16:34:31,1.7471,40.0573,91.36,38,0,0.0
257,Rawson,AR,2021-11-20 16:34:32,-43.3002,-65.1023,80.89,22,0,24.16
258,Mandiana,GN,2021-11-20 16:34:32,10.6333,-8.6833,93.87,20,39,5.73
259,Vostok,RU,2021-11-20 16:34:33,46.4856,135.8833,13.08,98,99,2.42
260,Itaituba,BR,2021-11-20 16:34:33,-4.2761,-55.9836,91.56,66,40,5.75
261,Anchorage,US,2021-11-20 16:29:49,61.2181,-149.9003,9.63,79,1,0.0
262,Kulhudhuffushi,MV,2021-11-20 16:34:34,6.6221,73.07,82.51,66,99,17.38
263,San Patricio,US,2021-11-20 16:34:35,28.017,-97.5169,75.92,69,8,5.01
264,Dormidontovka,RU,2021-11-20 16:34:35,47.7702,134.9076,14.76,97,100,2.68
265,Waingapu,ID,2021-11-20 16:34:36,-9.6567,120.2641,82.83,76,96,3.36
266,Maiduguri,NG,2021-11-20 16:31:37,11.8464,13.1603,85.78,18,2,10.92
267,Ust-Koksa,RU,2021-11-20 16:34:37,50.2696,85.6108,-0.2,82,26,1.5
268,Margate,GB,2021-11-20 16:34:37,51.3813,1.3862,51.51,80,100,1.99
269,Saint Anthony,US,2021-11-20 16:34:39,45.0205,-93.218,41.83,100,1,1.99
270,Saqqez,IR,2021-11-20 16:34:39,36.2499,46.2735,48.0,47,100,4.65
271,Zaria,NG,2021-11-20 16:34:40,11.1113,7.7227,82.49,20,2,7.14
272,Gat,IL,2021-11-20 16:35:05,31.61,34.7642,63.39,66,98,5.95
273,Guasdualito,VE,2021-11-20 16:35:41,7.2424,-70.7324,92.75,46,75,2.55
274,Maniwaki,CA,2021-11-20 16:35:42,46.3834,-75.966,34.34,69,96,5.75
275,Korla,CN,2021-11-20 16:35:42,41.7597,86.1469,28.83,51,0,2.8
276,Malindi,KE,2021-11-20 16:33:19,-3.2175,40.1191,82.56,74,20,11.5
277,Clyde River,CA,2021-11-20 16:35:43,70.4692,-68.5914,8.83,92,40,23.02
278,Kaiwaka,NZ,2021-11-20 16:35:44,-36.1667,174.45,61.21,97,34,3.31
279,Tongchuan,CN,2021-11-20 16:35:44,35.0806,109.0897,40.44,51,82,7.02
280,Richards Bay,ZA,2021-11-20 16:35:45,-28.783,32.0377,67.8,66,97,6.2
281,Lasa,IT,2021-11-20 16:35:45,46.6166,10.7002,49.08,58,9,1.23
282,Bubaque,GW,2021-11-20 16:33:19,11.2833,-15.8333,85.44,57,0,8.75
283,Andros Town,BS,2021-11-20 16:35:46,24.7,-77.7667,82.36,73,90,8.97
284,Pemangkat,ID,2021-11-20 16:35:46,1.1667,108.9667,79.09,85,100,5.21
285,Luderitz,NA,2021-11-20 16:35:47,-26.6481,15.1594,65.57,68,11,23.87
286,Beyneu,KZ,2021-11-20 16:35:47,45.3167,55.2,31.51,68,52,10.85
287,Tawang,IN,2021-11-20 16:35:48,27.5833,91.8667,41.7,85,67,1.39
288,Portales,US,2021-11-20 16:31:48,34.1862,-103.3344,63.01,24,70,7.0
289,Enkoping,SE,2021-11-20 16:35:49,59.6361,17.0777,41.23,88,100,6.35
290,Saint Pete Beach,US,2021-11-20 16:35:49,27.7253,-82.7412,78.1,72,40,1.99
291,Tateyama,JP,2021-11-20 16:35:50,34.9833,139.8667,55.42,73,9,9.04
292,Bousse,BF,2021-11-20 16:35:51,12.6606,-1.8922,99.97,8,2,11.77
293,Port Hedland,AU,2021-11-20 16:30:55,-20.3167,118.5667,80.65,69,100,9.22
294,Melfi,IT,2021-11-20 16:35:52,40.9965,15.6514,54.5,68,10,2.59
295,Altay,CN,2021-11-20 16:35:52,47.8667,88.1167,5.77,57,0,6.91
296,Maridi,SS,2021-11-20 16:35:53,4.9158,29.4742,75.63,68,75,0.47
297,Porto Torres,IT,2021-11-20 16:35:54,40.835,8.3972,62.78,81,2,0.81
298,Dolinsk,RU,2021-11-20 16:35:54,47.35,142.8,24.66,78,37,6.73
299,Codrington,AU,2021-11-20 16:35:55,-38.2667,141.9667,48.69,82,2,8.37
300,Santa Rosalia,MX,2021-11-20 16:35:56,27.3167,-112.2833,74.59,31,92,1.05
301,Kinkala,CG,2021-11-20 16:35:56,-4.3614,14.7644,73.89,89,82,4.07
302,Oistins,BB,2021-11-20 16:35:57,13.0667,-59.5333,86.09,66,40,20.71
303,Broken Hill,AU,2021-11-20 16:35:57,-31.95,141.4333,55.11,94,90,20.71
304,Synya,RU,2021-11-20 16:35:58,65.3718,58.0387,22.15,91,100,10.02
305,Trofors,NO,2021-11-20 16:35:58,65.5333,13.4063,38.55,99,100,3.36
306,Tiznit,MA,2021-11-20 16:35:59,29.5833,-9.5,65.44,53,20,7.14
307,Half Moon Bay,US,2021-11-20 16:31:32,37.4636,-122.4286,58.98,92,1,3.44
308,Atbasar,KZ,2021-11-20 16:36:00,51.8,68.3333,16.57,84,100,9.98
309,Honiara,SB,2021-11-20 16:36:01,-9.4333,159.95,76.62,85,44,1.95
310,Catuday,PH,2021-11-20 16:36:01,16.2923,119.8062,80.17,70,80,3.42
311,Kapoeta,SS,2021-11-20 16:36:02,4.7717,33.5903,90.32,27,58,11.9
312,Provideniya,RU,2021-11-20 16:36:03,64.3833,-173.3,9.0,58,12,4.29
313,Kiama,AU,2021-11-20 16:36:03,-34.6833,150.8667,60.39,95,100,1.01
314,Belyy Yar,RU,2021-11-20 16:36:05,53.6039,91.3903,19.29,72,0,8.95
315,Teeli,RU,2021-11-20 16:37:05,51.0333,90.2333,3.9,64,74,0.83
316,Samarai,PG,2021-11-20 16:37:06,-10.6167,150.6667,80.76,81,61,11.03
317,Riyadh,SA,2021-11-20 16:32:20,24.6877,46.7219,77.14,28,14,15.95
318,Antigonish,CA,2021-11-20 16:32:19,45.6169,-61.9986,40.14,85,85,3.0
319,Ribeira Grande,PT,2021-11-20 16:37:07,38.5167,-28.7,64.8,82,75,28.77
320,Leiyang,CN,2021-11-20 16:37:08,26.4024,112.8591,60.44,95,97,6.02
321,Buchanan,LR,2021-11-20 16:37:08,5.8808,-10.0467,87.76,81,62,9.69
322,Abu Samrah,SY,2021-11-20 16:37:09,35.3029,37.1841,54.0,82,82,12.68
323,Ciro Marina,IT,2021-11-20 16:37:09,39.3732,17.126,60.67,71,19,7.92
324,Hualmay,PE,2021-11-20 16:37:10,-11.0964,-77.6139,70.5,71,77,11.52
325,Palauig,PH,2021-11-20 16:37:10,15.435,119.9045,80.87,73,99,2.66
326,Aykhal,RU,2021-11-20 16:37:11,66.0,111.5,-21.96,100,93,4.88
327,Sampit,ID,2021-11-20 16:37:11,-2.5333,112.95,74.61,98,99,0.49
328,Lermontovka,RU,2021-11-20 16:37:12,47.1453,134.3383,18.73,97,98,0.81
329,Isangel,VU,2021-11-20 16:37:13,-19.55,169.2667,73.8,80,91,2.66
330,Novobiryusinskiy,RU,2021-11-20 16:37:13,56.9578,97.7076,9.32,94,100,6.11
331,Peyima,SL,2021-11-20 16:37:14,8.7,-11.0333,86.31,45,44,3.36
332,Truth Or Consequences,US,2021-11-20 16:37:14,33.1284,-107.2528,55.63,28,1,0.0
333,Yar-Sale,RU,2021-11-20 16:37:15,66.8333,70.8333,6.06,94,100,18.57
334,Mitu,CO,2021-11-20 16:37:15,1.1983,-70.1733,77.36,95,97,4.14
335,Sur,OM,2021-11-20 16:37:16,22.5667,59.5289,75.33,56,0,7.58
336,Nishihara,JP,2021-11-20 16:37:16,26.1842,127.7558,74.48,73,75,10.36
337,Bonthe,SL,2021-11-20 16:37:17,7.5264,-12.505,84.9,71,19,10.27
338,Lagoa,PT,2021-11-20 16:37:18,39.05,-27.9833,65.07,77,99,25.39
339,Kushiro,JP,2021-11-20 16:37:18,42.975,144.3747,36.54,74,89,3.0
340,Sao Filipe,CV,2021-11-20 16:37:19,14.8961,-24.4956,78.94,77,88,5.39
341,Lucapa,AO,2021-11-20 16:37:19,-8.4192,20.7447,66.74,94,81,1.7
342,Noumea,NC,2021-11-20 16:37:20,-22.2763,166.4572,75.99,99,65,8.01
343,Batagay-Alyta,RU,2021-11-20 16:37:20,67.8006,130.4114,-21.21,97,68,4.16
344,Buta,CD,2021-11-20 16:37:21,2.7858,24.73,72.45,89,92,2.1
345,Mataram,ID,2021-11-20 16:37:21,-8.5833,116.1167,76.01,84,100,3.13
346,Hamilton,US,2021-11-20 16:36:37,39.1834,-84.5333,47.98,57,75,1.99
347,Narsaq,GL,2021-11-20 16:37:22,60.9167,-46.05,35.82,99,100,4.0
348,Rocha,UY,2021-11-20 16:37:23,-34.4833,-54.3333,80.96,32,13,9.19
349,Ratnagiri,IN,2021-11-20 16:37:24,16.9833,73.3,80.04,82,100,2.91
350,Boli,CN,2021-11-20 16:37:25,45.7667,130.5167,18.52,96,14,1.83
351,Sapa,PH,2021-11-20 16:37:25,5.1544,120.3241,80.87,81,65,1.9
352,Witu,KE,2021-11-20 16:37:26,-2.3889,40.4382,82.56,81,78,7.72
353,Westport,US,2021-11-20 16:37:02,41.1415,-73.3579,47.25,48,1,4.0
354,Napoleon,US,2021-11-20 16:37:27,41.3923,-84.1252,42.37,51,100,12.48
355,Barra Do Garcas,BR,2021-11-20 16:37:28,-15.89,-52.2567,81.52,74,97,6.87
356,Bafra,TR,2021-11-20 16:37:28,41.5678,35.9069,53.82,76,82,3.2
357,Placido De Castro,BR,2021-11-20 16:37:29,-10.3353,-67.1856,81.28,78,99,4.63
358,Nome,US,2021-11-20 16:38:30,64.5011,-165.4064,0.16,60,1,3.44
359,Mana,GF,2021-11-20 16:38:30,5.6592,-53.7767,85.62,66,23,8.97
360,Husavik,IS,2021-11-20 16:38:31,66.0449,-17.3389,21.11,78,99,13.42
361,Hambantota,LK,2021-11-20 16:38:31,6.1241,81.1185,78.21,72,76,14.52
362,Sao Francisco,BR,2021-11-20 16:38:32,-15.9486,-44.8644,82.72,64,94,3.11
363,Shipitsyno,RU,2021-11-20 16:38:33,61.2806,46.5208,24.06,99,100,2.75
364,Omboue,GA,2021-11-20 16:38:34,-1.5746,9.2618,77.41,87,93,7.25
365,Itaperucu,BR,2021-11-20 16:38:34,-25.22,-49.3478,69.21,98,97,3.38
366,Gunnedah,AU,2021-11-20 16:38:35,-30.9833,150.25,64.02,97,100,1.01
367,Matagami,CA,2021-11-20 16:38:35,49.7502,-77.6328,30.31,74,90,11.5
368,Taoudenni,ML,2021-11-20 16:38:36,22.6783,-3.9836,87.89,21,99,9.84
369,Waipawa,NZ,2021-11-20 16:38:36,-41.4122,175.5153,56.44,82,56,7.07
370,Lalibela,ET,2021-11-20 16:38:37,12.0333,39.0333,62.53,41,88,8.41
371,Pozo Colorado,PY,2021-11-20 16:38:38,-23.4923,-58.7972,91.87,23,0,3.67
372,Saint-Joseph,RE,2021-11-20 16:38:38,-21.3667,55.6167,75.58,78,30,5.14
373,Srednekolymsk,RU,2021-11-20 16:38:01,67.45,153.6833,-18.22,100,72,5.3
374,Pringsewu,ID,2021-11-20 16:38:40,-5.3582,104.9744,75.61,88,99,1.63
375,Duzce,TR,2021-11-20 16:38:40,40.8389,31.1639,46.31,89,92,0.58
376,Masingbi,SL,2021-11-20 16:38:41,8.7833,-11.95,86.59,61,60,4.23
377,Qasigiannguit,GL,2021-11-20 16:38:42,68.8193,-51.1922,26.85,87,100,0.4
378,Iranshahr,IR,2021-11-20 16:38:42,27.2025,60.6848,62.94,19,0,0.0
379,Keningau,MY,2021-11-20 16:38:43,5.3378,116.1602,75.65,98,100,1.28
380,Flin Flon,CA,2021-11-20 16:38:43,54.7682,-101.865,22.84,74,90,10.36
381,Mamallapuram,IN,2021-11-20 16:38:44,12.6264,80.1722,82.45,84,38,7.9
382,Rundu,NA,2021-11-20 16:38:44,-17.9333,19.7667,80.76,46,45,13.49
383,Kurumkan,RU,2021-11-20 16:38:45,54.3,110.3,5.11,89,100,2.84
384,Birjand,IR,2021-11-20 16:38:46,32.8663,59.2211,41.47,33,0,4.61
385,Bouca,CF,2021-11-20 16:38:46,6.5105,18.2733,82.94,47,92,2.93
386,Fonte Boa,BR,2021-11-20 16:38:46,-2.4959,-66.2662,73.65,99,100,0.74
387,West Bay,KY,2021-11-20 16:38:47,19.3667,-81.4167,86.07,75,20,4.0
388,Wagar,SD,2021-11-20 16:38:47,16.1525,36.2032,85.6,14,0,13.44
389,Palo Alto,US,2021-11-20 16:35:40,37.4419,-122.143,59.61,86,20,1.99
390,Portobelo,PA,2021-11-20 16:38:48,9.55,-79.65,86.61,77,87,5.99
391,Aksarka,RU,2021-11-20 16:38:49,66.5606,67.7975,9.95,95,100,9.91
392,Gotsu,JP,2021-11-20 16:38:49,35.0,132.2167,54.34,77,1,6.13
393,Najran,SA,2021-11-20 16:38:50,17.4924,44.1277,83.05,47,0,6.85
394,La Rioja,ES,2021-11-20 16:38:12,42.25,-2.5,48.04,80,100,1.19
395,Gwadar,PK,2021-11-20 16:38:51,25.1216,62.3254,74.95,36,0,3.36
396,Soyo,AO,2021-11-20 16:38:51,-6.1349,12.3689,82.45,80,85,8.43
397,Axim,GH,2021-11-20 16:38:52,4.8699,-2.2405,83.43,75,52,9.82
398,Ossora,RU,2021-11-20 16:38:52,59.2353,163.0719,29.03,73,100,15.64
399,Poya,NC,2021-11-20 16:38:53,-21.35,165.15,71.78,84,49,2.01
400,Bocaiuva,BR,2021-11-20 16:38:53,-17.1078,-43.815,73.11,94,100,2.53
401,Taltal,CL,2021-11-20 16:38:54,-25.4,-70.4833,66.47,64,60,5.79
402,Moose Factory,CA,2021-11-20 16:38:55,51.2585,-80.6094,32.0,93,75,10.36
403,Payo,ID,2021-11-20 16:39:56,-3.7508,103.6372,74.1,94,90,1.92
404,Bari,IT,2021-11-20 16:39:56,41.1177,16.8512,61.07,88,0,1.99
405,Saint George,US,2021-11-20 16:39:57,37.1041,-113.5841,59.34,49,1,0.0
406,Shaowu,CN,2021-11-20 16:39:57,27.3409,117.4831,63.43,86,88,0.85
407,Nantucket,US,2021-11-20 16:39:57,41.2835,-70.0995,48.02,61,1,5.75
408,Ca Mau,VN,2021-11-20 16:39:58,9.1769,105.15,75.65,94,100,4.21
409,Catia La Mar,VE,2021-11-20 16:39:40,10.6038,-67.0303,80.8,74,40,5.75
410,Farroupilha,BR,2021-11-20 16:39:59,-29.225,-51.3478,77.86,38,0,7.0
411,Aksu,CN,2021-11-20 16:39:55,41.1231,80.2644,30.36,46,0,3.94
412,Svetlaya,RU,2021-11-20 16:40:00,46.5389,138.3297,32.32,61,100,4.79
413,Grenville,GD,2021-11-20 16:40:01,12.1167,-61.6167,86.05,68,46,13.18
414,Mandali,IQ,2021-11-20 16:40:01,33.7499,45.5541,67.35,20,90,3.94
415,Mackay,AU,2021-11-20 16:35:20,-21.15,149.2,67.05,88,40,5.75
416,Magadan,RU,2021-11-20 16:40:02,59.5667,150.8,18.54,74,100,14.43
417,Chernyshevskiy,RU,2021-11-20 16:40:03,63.0128,112.4714,-21.3,100,63,1.12
418,Tual,ID,2021-11-20 16:40:03,-5.6667,132.75,84.38,73,87,7.58
419,Singaraja,ID,2021-11-20 16:40:04,-8.112,115.0882,77.97,83,100,1.61
420,Balfour,ZA,2021-11-20 16:40:04,-26.6633,28.5902,59.65,69,66,9.15
421,Nakhon Phanom,TH,2021-11-20 16:40:05,17.3333,104.4167,75.54,77,64,2.19
422,Carupano,VE,2021-11-20 16:40:06,10.6678,-63.2585,83.34,69,100,12.91
423,The Valley,AI,2021-11-20 16:40:06,18.217,-63.0578,85.1,78,20,5.75
424,Odweyne,SO,2021-11-20 16:40:08,9.4092,45.064,74.32,25,30,4.09
425,San Manuel,PH,2021-11-20 16:40:08,17.0238,121.6357,73.18,89,55,3.58
426,Lompoc,US,2021-11-20 16:40:09,34.6391,-120.4579,66.13,93,20,0.0
427,Road Town,VG,2021-11-20 16:40:09,18.4167,-64.6167,86.04,70,20,9.22
428,Nexo,DK,2021-11-20 16:40:10,55.0607,15.1306,51.89,86,100,27.54
429,Novoilinsk,RU,2021-11-20 16:40:11,51.6829,108.7143,12.94,96,100,1.97
430,El Cobre,CU,2021-11-20 16:40:11,20.0489,-75.9469,85.44,62,40,4.61
431,Chapleau,CA,2021-11-20 16:40:12,47.8405,-83.4034,32.09,93,90,12.66
432,Dwarka,IN,2021-11-20 16:40:12,22.2394,68.9678,79.65,73,20,10.45
433,Qaqortoq,GL,2021-11-20 16:40:13,60.7167,-46.0333,36.1,100,100,6.31
434,Belle Fourche,US,2021-11-20 16:40:14,44.6714,-103.8522,45.34,65,93,6.64
435,Benguela,AO,2021-11-20 16:40:14,-12.5763,13.4055,78.12,77,94,7.14
436,Wenling,CN,2021-11-20 16:40:15,28.3669,121.36,59.92,86,54,4.36
437,Northam,GB,2021-11-20 16:40:15,51.0333,-4.2167,51.62,85,100,8.55
438,Thiruvananthapuram,IN,2021-11-20 16:40:16,8.4833,76.9167,82.38,74,40,3.44
439,Dalbandin,PK,2021-11-20 16:40:16,28.8947,64.4101,54.37,27,0,4.32
440,Vera Cruz,BR,2021-11-20 16:40:17,-12.6333,-41.0333,84.38,53,96,0.78
441,Oksfjord,NO,2021-11-20 16:40:17,70.2396,22.3479,31.12,88,100,13.76
442,Talaya,RU,2021-11-20 16:40:18,61.3833,152.75,-4.4,100,100,1.21
443,Alma,CA,2021-11-20 16:36:16,48.5501,-71.6491,31.21,55,70,7.4
444,Faanui,PF,2021-11-20 16:40:18,-16.4833,-151.75,80.44,77,74,20.8
445,Nhulunbuy,AU,2021-11-20 16:40:19,-12.2333,136.7667,77.61,88,59,0.0
446,Nelson Bay,AU,2021-11-20 16:40:19,-32.7167,152.15,64.09,96,100,1.01
447,Luganville,VU,2021-11-20 16:40:20,-15.5333,167.1667,75.74,85,100,4.63
448,Maningrida,AU,2021-11-20 16:40:21,-12.0667,134.2667,81.54,70,32,8.05
449,Basco,PH,2021-11-20 16:40:21,20.4487,121.9702,80.1,72,23,17.16
450,Rapid Valley,US,2021-11-20 16:41:22,44.0625,-103.1463,46.0,63,90,1.01
451,Pafos,CY,2021-11-20 16:40:29,34.7667,32.4167,64.18,52,20,4.61
452,Kandrian,PG,2021-11-20 16:41:23,-6.2167,149.55,76.64,88,100,5.59
453,George Town,MY,2021-11-20 16:40:26,5.4112,100.3354,80.53,93,20,5.01
454,Hasaki,JP,2021-11-20 16:41:24,35.7333,140.8333,46.8,61,38,6.6
455,Coquimbo,CL,2021-11-20 16:39:26,-29.9533,-71.3436,60.53,77,75,11.5
456,Vestmannaeyjar,IS,2021-11-20 16:41:25,63.4427,-20.2734,32.99,69,0,18.41
457,Cockburn Town,TC,2021-11-20 16:41:25,21.4612,-71.1419,80.49,78,97,15.55
458,Bratsk,RU,2021-11-20 16:39:13,56.1325,101.6142,0.09,89,33,5.01
459,Fruitvale,US,2021-11-20 16:41:26,39.0817,-108.4968,49.91,48,90,9.22
460,Thinadhoo,MV,2021-11-20 16:41:27,0.5333,72.9333,81.34,80,91,17.36
461,Huilong,CN,2021-11-20 16:41:27,31.8111,121.655,63.03,77,100,5.64
462,Egvekinot,RU,2021-11-20 16:41:28,66.3167,-179.1667,0.25,62,62,8.86
463,Kachug,RU,2021-11-20 16:41:28,53.9606,105.8817,6.19,93,100,4.43
464,Le Port,RE,2021-11-20 16:41:29,-20.9373,55.2919,77.0,89,41,6.04
465,Sidney,AU,2021-11-20 16:41:29,-33.8679,151.2073,60.64,94,90,3.0
466,Raga,SS,2021-11-20 16:41:30,8.4596,25.678,84.16,23,29,4.79
467,Gamboma,CG,2021-11-20 16:41:30,-1.8764,15.8644,74.21,84,97,2.06
468,Tacoronte,ES,2021-11-20 16:41:31,28.4769,-16.4102,67.17,57,20,9.22
469,Horqueta,PY,2021-11-20 16:41:31,-23.3428,-57.0597,90.86,30,0,2.21
470,Neyshabur,IR,2021-11-20 16:41:32,36.2133,58.7958,43.65,28,2,1.36
471,Borogontsy,RU,2021-11-20 16:41:33,62.6683,131.1683,-24.93,100,76,0.49
472,Meadow Lake,US,2021-11-20 16:41:33,34.8014,-106.5436,58.69,26,11,5.99
473,Inirida,CO,2021-11-20 16:41:34,3.8653,-67.9239,78.42,88,99,5.95
474,Babushkin,RU,2021-11-20 16:41:34,51.7122,105.8647,15.28,93,100,18.7
475,Sangar,RU,2021-11-20 16:41:35,63.9242,127.4739,-15.21,100,99,1.48
476,Salamiyah,SY,2021-11-20 16:41:35,35.0113,37.0532,55.15,78,78,16.78
477,Da Nang,VN,2021-11-20 16:41:13,16.0678,108.2208,76.98,88,20,2.3
478,Jumla,NP,2021-11-20 16:41:37,29.2747,82.1838,43.95,70,0,4.05
479,Marsh Harbour,BS,2021-11-20 16:41:37,26.5412,-77.0636,74.82,88,100,23.96
480,Komsomolskiy,UZ,2021-11-20 16:39:07,40.4272,71.7189,33.22,59,0,6.91
481,Wuwei,CN,2021-11-20 16:39:08,37.9281,102.6414,26.04,65,56,3.44
482,Nicoya,CR,2021-11-20 16:41:38,10.1483,-85.452,81.95,69,11,2.91
483,Locri,IT,2021-11-20 16:41:39,38.2414,16.2623,64.98,81,3,6.89
484,Saiha,IN,2021-11-20 16:41:39,22.4833,92.9667,63.1,87,2,3.22
485,Ahipara,NZ,2021-11-20 16:41:40,-35.1667,173.1667,58.3,95,61,5.59
486,Kidal,ML,2021-11-20 16:41:40,18.4411,1.4078,88.7,14,99,9.01
487,Baoshan,CN,2021-11-20 16:41:41,46.5586,131.4244,19.96,93,91,2.15
488,Manono,CD,2021-11-20 16:41:42,-7.3,27.4167,67.6,92,86,6.08
489,Akyab,MM,2021-11-20 16:41:42,20.15,92.9,78.64,70,17,10.27
490,Minab,IR,2021-11-20 16:41:43,27.1467,57.0801,67.5,42,0,2.68
491,Brigantine,US,2021-11-20 16:41:43,39.4101,-74.3646,48.4,58,1,5.75
492,College Station,US,2021-11-20 16:41:44,30.628,-96.3344,68.68,83,90,3.44
493,Atar,MR,2021-11-20 16:41:45,20.5169,-13.0499,93.6,16,100,1.36
494,Petropavlovsk-Kamchatskiy,RU,2021-11-20 16:41:46,53.0452,158.6483,34.39,93,90,33.55
495,Karsava,LV,2021-11-20 16:42:47,56.7841,27.6883,39.04,73,62,14.2
496,Bowen,AU,2021-11-20 16:42:47,-20.0167,148.2333,62.82,74,17,7.23
497,Okato,NZ,2021-11-20 16:42:48,-39.2,173.8833,54.68,81,71,9.46
498,Saint-Georges,GD,2021-11-20 16:41:40,12.0564,-61.7485,85.68,66,40,20.71
499,Beringovskiy,RU,2021-11-20 16:42:49,63.05,179.3167,-1.16,96,32,8.75
500,Coos Bay,US,2021-11-20 16:40:51,43.3665,-124.2179,43.86,100,1,0.0
501,Samana,DO,2021-11-20 16:38:00,19.2056,-69.3369,88.02,74,20,4.61
502,Alice Springs,AU,2021-11-20 16:42:50,-23.7,133.8833,74.75,50,42,12.66
503,Opuwo,NA,2021-11-20 16:42:50,-18.0607,13.84,85.8,15,12,18.9
504,Caravelas,BR,2021-11-20 16:42:51,-17.7125,-39.2481,82.4,71,100,9.1
505,Kayerkan,RU,2021-11-20 16:42:52,69.3497,87.7602,-18.44,93,21,8.32
506,Weiser,US,2021-11-20 16:42:52,44.251,-116.9693,40.6,63,18,2.3
507,Idaho Falls,US,2021-11-20 16:41:06,43.4666,-112.0341,36.16,91,90,5.01
508,Inta,RU,2021-11-20 16:42:53,66.0317,60.1659,17.38,84,100,7.94
509,Padang,ID,2021-11-20 16:42:54,-0.9492,100.3543,78.58,85,66,3.22
510,Mazara Del Vallo,IT,2021-11-20 16:42:54,37.6641,12.588,62.55,81,0,9.6
511,Yarada,IN,2021-11-20 16:42:55,17.65,83.2667,79.12,94,40,2.3
512,Severobaykalsk,RU,2021-11-20 16:42:55,55.65,109.3167,5.02,68,99,7.85
513,Acton Vale,CA,2021-11-20 16:42:56,45.6501,-72.5658,38.48,76,21,8.57
514,Rancho Palos Verdes,US,2021-11-20 16:42:57,33.7445,-118.387,59.99,90,90,3.0
515,Ambilobe,MG,2021-11-20 16:42:57,-13.2,49.05,78.35,71,88,2.42
516,Barrie,CA,2021-11-20 16:41:26,44.4001,-79.6663,40.51,71,100,10.36
517,Rockport,US,2021-11-20 16:42:58,28.0206,-97.0544,77.09,78,20,4.61
518,Padre Bernardo,BR,2021-11-20 16:42:58,-15.35,-48.5,80.47,66,99,5.01
519,Deer Lake,CA,2021-11-20 16:42:59,49.1667,-57.4316,37.26,81,75,12.66
520,Deputatskiy,RU,2021-11-20 16:42:59,69.3,139.9,-6.56,99,100,2.53
521,Tazovskiy,RU,2021-11-20 16:43:00,67.4667,78.7,-5.19,89,100,21.16
522,Ron Phibun,TH,2021-11-20 16:43:00,8.1791,99.8542,76.44,94,77,2.33
523,Agadir,MA,2021-11-20 16:41:20,30.4202,-9.5982,72.05,63,20,8.03
524,Madingou,CG,2021-11-20 16:43:01,-4.1536,13.55,75.13,90,92,3.58
525,Paracuru,BR,2021-11-20 16:43:02,-3.41,-39.0306,87.82,57,92,17.16
526,Oktyabrskiy,RU,2021-11-20 16:43:02,54.4815,53.471,29.89,94,100,17.09
527,Kassala,SD,2021-11-20 16:43:03,15.451,36.4,85.68,28,0,9.44
528,Bac Lieu,VN,2021-11-20 16:43:03,9.285,105.7244,77.49,90,100,8.1
529,Launceston,AU,2021-11-20 16:43:04,-41.45,147.1667,51.62,88,90,1.99
530,Flinders,AU,2021-11-20 16:43:04,-34.5833,150.8552,61.21,93,100,3.0
531,Vila Velha,BR,2021-11-20 16:41:32,-20.3297,-40.2925,73.35,94,75,11.5
532,Berlevag,NO,2021-11-20 16:43:05,70.8578,29.0864,30.81,73,100,27.4
533,Iralaya,HN,2021-11-20 16:43:05,15.0,-83.2333,82.49,64,97,10.94
534,Huarmey,PE,2021-11-20 16:43:06,-10.0681,-78.1522,71.51,71,83,11.99
535,Wamba,NG,2021-11-20 16:43:07,8.9333,8.6,82.89,33,70,2.3
536,Tagudin,PH,2021-11-20 16:43:07,16.9355,120.4442,77.68,75,55,3.87
537,Praya,CV,2021-11-20 16:43:08,14.9215,-23.5087,86.54,58,75,13.8
538,Iberia,US,2021-11-20 16:43:08,29.9502,-91.7507,69.96,63,1,8.05
539,Megion,RU,2021-11-20 16:43:09,61.0296,76.1136,12.22,96,100,10.89
540,Emba,KZ,2021-11-20 16:43:10,48.8264,58.1442,25.57,85,100,10.94
541,Izhma,RU,2021-11-20 16:43:10,65.0083,53.9113,25.14,92,98,9.48
542,Nizhnevartovsk,RU,2021-11-20 16:43:11,60.9344,76.5531,12.22,92,90,8.95
543,Abha,SA,2021-11-20 16:42:12,18.2164,42.5053,60.62,77,0,6.91
544,Kenai,US,2021-11-20 16:44:12,60.5544,-151.2583,13.14,84,1,6.91
545,Monrovia,LR,2021-11-20 16:44:13,6.3005,-10.7969,87.57,73,31,11.21
546,Jurado,CO,2021-11-20 16:44:13,7.1053,-77.7641,79.93,83,87,7.16
547,Paamiut,GL,2021-11-20 16:44:14,61.994,-49.6678,33.01,97,100,15.26
548,Vardo,NO,2021-11-20 16:44:15,70.3705,31.1107,32.25,76,100,27.58
549,Mwanza,TZ,2021-11-20 16:44:09,-2.5167,32.9,77.05,69,75,5.75
550,Kulebaki,RU,2021-11-20 16:44:16,55.4133,42.5325,32.27,97,100,11.86
551,Creetown,GB,2021-11-20 16:44:16,54.9015,-4.3792,48.16,80,80,13.47
552,Sluknov,CZ,2021-11-20 16:44:17,51.0037,14.4526,49.06,91,92,6.6
553,Kutum,SD,2021-11-20 16:44:17,14.2,24.6667,72.45,19,0,12.12
554,Katsuura,JP,2021-11-20 16:44:18,35.1333,140.3,55.51,75,12,7.67
555,Sakakah,SA,2021-11-20 16:44:19,29.9697,40.2064,67.57,32,13,7.25
556,Lipin Bor,RU,2021-11-20 16:44:19,60.2622,37.9763,29.7,97,100,9.19
